{"stats":{"minecraft:used":{"minecraft:crafting_table":1},"minecraft:picked_up":{"minecraft:crafting_table":1,"regions_unexplored:redwood_log":6},"minecraft:mined":{"regions_unexplored:redwood_log":6,"minecraft:crafting_table":1},"minecraft:crafted":{"minecraft:crafting_table":1,"regions_unexplored:redwood_planks":24},"minecraft:custom":{"minecraft:jump":44,"minecraft:time_since_rest":21271,"minecraft:crouch_one_cm":350,"minecraft:walk_on_water_one_cm":11694,"minecraft:sprint_one_cm":20249,"minecraft:leave_game":3,"minecraft:play_time":21271,"minecraft:damage_taken":80,"minecraft:time_since_death":21271,"minecraft:walk_one_cm":20025,"minecraft:sneak_time":288,"minecraft:total_world_time":21271,"minecraft:walk_under_water_one_cm":838,"minecraft:interact_with_crafting_table":1,"minecraft:swim_one_cm":992,"minecraft:fall_one_cm":1499,"minecraft:fly_one_cm":8355}},"DataVersion":3465}