{
  "morevillagers:root": {
    "criteria": {
      "always": "2024-07-27 00:50:16 +0000"
    },
    "done": true
  },
  "aerobaticelytra:aerobatic_elytra": {
    "criteria": {
      "aerobatic_elytra": "2024-07-27 00:50:16 +0000"
    },
    "done": true
  },
  "create:root": {
    "criteria": {
      "0": "2024-07-27 00:50:16 +0000"
    },
    "done": true
  },
  "stellarity:cursed_tome/root": {
    "criteria": {
      "requirement": "2024-07-27 00:50:16 +0000"
    },
    "done": true
  },
  "minecraft:recipes/decorations/crafting_table": {
    "criteria": {
      "unlock_right_away": "2024-07-27 00:50:16 +0000"
    },
    "done": true
  },
  "incendium:technical/new_player": {
    "criteria": {
      "requirement": "2024-07-27 00:50:16 +0000"
    },
    "done": true
  },
  "iceandfire:iceandfire/root": {
    "criteria": {
      "tick": "2024-07-27 00:50:16 +0000"
    },
    "done": true
  },
  "stellarity:dragons_den/cursed_tome/root": {
    "criteria": {
      "requirement": "2024-07-27 00:50:16 +0000"
    },
    "done": true
  },
  "dungeons_arise:wda_root": {
    "criteria": {
      "WDA": "2024-07-27 00:50:16 +0000"
    },
    "done": true
  },
  "weaponmaster:parts/root": {
    "criteria": {
      "crafting_table": "2024-07-27 00:50:16 +0000"
    },
    "done": true
  },
  "realmrpg_quests:root": {
    "criteria": {
      "root_0": "2024-07-27 00:50:16 +0000"
    },
    "done": true
  },
  "slashblade:movesets": {
    "criteria": {
      "crafting": "2024-07-27 00:50:16 +0000"
    },
    "done": true
  },
  "toolleveling:recipes/tool_leveling_table": {
    "criteria": {
      "has_enchanting_table": "2024-07-27 00:50:16 +0000"
    },
    "done": true
  },
  "cataclysm:root": {
    "criteria": {
      "custom_test_name": "2024-07-27 00:50:16 +0000"
    },
    "done": true
  },
  "rpgsmw:choose_your_class": {
    "criteria": {
      "choose_your_class_0": "2024-07-27 00:50:16 +0000"
    },
    "done": true
  },
  "incendium:technical/using/shield": {
    "criteria": {
      "log_spam_fixer": "2024-07-27 00:50:18 +0000"
    },
    "done": false
  },
  "tombstone:adventure/root": {
    "criteria": {
      "auto": "2024-07-27 00:50:18 +0000"
    },
    "done": true
  },
  "regions_unexplored:parent": {
    "criteria": {
      "load_in_world": "2024-07-27 00:50:18 +0000"
    },
    "done": true
  },
  "incendium:technical/scroll_of_returning": {
    "criteria": {
      "log_spam_fixer": "2024-07-27 00:50:18 +0000"
    },
    "done": false
  },
  "incendium:technical/using/ragnarok": {
    "criteria": {
      "log_spam_fixer": "2024-07-27 00:50:18 +0000"
    },
    "done": false
  },
  "regions_unexplored:regions_explored": {
    "criteria": {
      "blackwood_taiga": "2024-07-27 00:50:18 +0000",
      "sparse_redwoods": "2024-07-27 01:03:32 +0000",
      "redwoods": "2024-07-27 01:12:23 +0000"
    },
    "done": false
  },
  "regions_unexplored:pioneer": {
    "criteria": {
      "blackwood_taiga": "2024-07-27 00:50:18 +0000",
      "sparse_redwoods": "2024-07-27 01:03:32 +0000",
      "redwoods": "2024-07-27 01:12:23 +0000"
    },
    "done": false
  },
  "incendium:technical/using/trailblazer": {
    "criteria": {
      "log_spam_fixer": "2024-07-27 00:50:18 +0000"
    },
    "done": false
  },
  "incendium:technical/sentrys_wrath": {
    "criteria": {
      "log_spam_fixer": "2024-07-27 01:13:13 +0000"
    },
    "done": false
  },
  "incendium:technical/on_player_hurt": {
    "criteria": {
      "log_spam_fixer": "2024-07-27 01:13:13 +0000"
    },
    "done": false
  },
  "incendium:technical/on_kill": {
    "criteria": {
      "log_spam_fixer": "2024-07-27 01:13:13 +0000"
    },
    "done": false
  },
  "incendium:technical/on_inventory_change": {
    "criteria": {
      "log_spam_fixer": "2024-07-27 01:13:13 +0000"
    },
    "done": false
  },
  "incendium:technical/holy_wrath": {
    "criteria": {
      "log_spam_fixer": "2024-07-27 01:13:13 +0000"
    },
    "done": false
  },
  "incendium:technical/on_block": {
    "criteria": {
      "log_spam_fixer": "2024-07-27 01:13:13 +0000"
    },
    "done": false
  },
  "incendium:technical/inventory/sentrys_wrath": {
    "criteria": {
      "log_spam_fixer": "2024-07-27 01:13:13 +0000"
    },
    "done": false
  },
  "incendium:technical/feed_ghastling": {
    "criteria": {
      "log_spam_fixer": "2024-07-27 01:13:13 +0000"
    },
    "done": false
  },
  "incendium:technical/firestorm": {
    "criteria": {
      "log_spam_fixer": "2024-07-27 01:13:13 +0000"
    },
    "done": false
  },
  "incendium:technical/inventory/firestorm": {
    "criteria": {
      "log_spam_fixer": "2024-07-27 01:13:13 +0000"
    },
    "done": false
  },
  "incendium:technical/give_ghastling": {
    "criteria": {
      "log_spam_fixer": "2024-07-27 01:13:13 +0000"
    },
    "done": false
  },
  "incendium:technical/multiplex_crossbow": {
    "criteria": {
      "log_spam_fixer": "2024-07-27 01:13:13 +0000"
    },
    "done": false
  },
  "regions_unexplored:recipes/building_blocks/lime_painted_planks": {
    "criteria": {
      "has_planks": "2024-07-27 01:04:32 +0000"
    },
    "done": true
  },
  "regions_unexplored:recipes/transportation/maple_boat": {
    "criteria": {
      "in_water": "2024-07-27 01:03:14 +0000"
    },
    "done": true
  },
  "deeperdarker:recipes/transportation/echo_boat": {
    "criteria": {
      "in_water": "2024-07-27 01:03:14 +0000"
    },
    "done": true
  },
  "regions_unexplored:recipes/decorations/redwood_branch_from_redwood_log": {
    "criteria": {
      "has_log": "2024-07-27 01:03:55 +0000"
    },
    "done": true
  },
  "regions_unexplored:recipes/transportation/magnolia_boat": {
    "criteria": {
      "in_water": "2024-07-27 01:03:14 +0000"
    },
    "done": true
  },
  "slashblade:arts/rapid_slash": {
    "criteria": {
      "customtrigger": "2024-07-27 01:09:53 +0000"
    },
    "done": true
  },
  "create:recipes/misc/crafting/appliances/crafting_blueprint": {
    "criteria": {
      "has_item": "2024-07-27 01:04:40 +0000"
    },
    "done": true
  },
  "regions_unexplored:recipes/building_blocks/brown_painted_planks": {
    "criteria": {
      "has_planks": "2024-07-27 01:04:32 +0000"
    },
    "done": true
  },
  "minecraft:recipes/misc/stick": {
    "criteria": {
      "has_planks": "2024-07-27 01:04:32 +0000"
    },
    "done": true
  },
  "minecraft:recipes/transportation/cherry_boat": {
    "criteria": {
      "in_water": "2024-07-27 01:03:14 +0000"
    },
    "done": true
  },
  "minecraft:recipes/transportation/bamboo_raft": {
    "criteria": {
      "in_water": "2024-07-27 01:03:14 +0000"
    },
    "done": true
  },
  "regions_unexplored:recipes/redstone/redwood_door": {
    "criteria": {
      "has_redwood_planks": "2024-07-27 01:04:32 +0000"
    },
    "done": true
  },
  "regions_unexplored:recipes/decorations/redwood_fence": {
    "criteria": {
      "has_redwood_planks": "2024-07-27 01:04:32 +0000"
    },
    "done": true
  },
  "regions_unexplored:recipes/building_blocks/black_painted_planks": {
    "criteria": {
      "has_planks": "2024-07-27 01:04:32 +0000"
    },
    "done": true
  },
  "slashblade:abilities/trick_dodge": {
    "criteria": {
      "customtrigger": "2024-07-27 01:09:49 +0000"
    },
    "done": true
  },
  "regions_unexplored:recipes/transportation/kapok_boat": {
    "criteria": {
      "in_water": "2024-07-27 01:03:14 +0000"
    },
    "done": true
  },
  "regions_unexplored:recipes/transportation/cypress_boat": {
    "criteria": {
      "in_water": "2024-07-27 01:03:14 +0000"
    },
    "done": true
  },
  "regions_unexplored:recipes/building_blocks/cyan_painted_planks": {
    "criteria": {
      "has_planks": "2024-07-27 01:04:32 +0000"
    },
    "done": true
  },
  "regions_unexplored:recipes/redstone/redwood_button": {
    "criteria": {
      "has_redwood_planks": "2024-07-27 01:04:32 +0000"
    },
    "done": true
  },
  "slashblade:arts/upperslash": {
    "criteria": {
      "customtrigger": "2024-07-27 01:10:18 +0000"
    },
    "done": true
  },
  "regions_unexplored:recipes/transportation/larch_boat": {
    "criteria": {
      "in_water": "2024-07-27 01:03:14 +0000"
    },
    "done": true
  },
  "minecraft:recipes/misc/charcoal": {
    "criteria": {
      "has_log": "2024-07-27 01:03:55 +0000"
    },
    "done": true
  },
  "regions_unexplored:recipes/building_blocks/blue_painted_planks": {
    "criteria": {
      "has_planks": "2024-07-27 01:04:32 +0000"
    },
    "done": true
  },
  "minecraft:recipes/transportation/acacia_boat": {
    "criteria": {
      "in_water": "2024-07-27 01:03:14 +0000"
    },
    "done": true
  },
  "minecraft:recipes/decorations/barrel": {
    "criteria": {
      "has_planks": "2024-07-27 01:04:32 +0000"
    },
    "done": true
  },
  "slashblade:abilities/kick_jump": {
    "criteria": {
      "customtrigger": "2024-07-27 01:09:55 +0000"
    },
    "done": true
  },
  "regions_unexplored:recipes/building_blocks/orange_painted_planks": {
    "criteria": {
      "has_planks": "2024-07-27 01:04:32 +0000"
    },
    "done": true
  },
  "securitycraft:recipes/misc/sc_manual": {
    "criteria": {
      "has_wood": "2024-07-27 01:03:55 +0000"
    },
    "done": true
  },
  "regions_unexplored:got_wood": {
    "criteria": {
      "redwood_log": "2024-07-27 01:03:55 +0000"
    },
    "done": false
  },
  "regions_unexplored:recipes/building_blocks/gray_painted_planks": {
    "criteria": {
      "has_planks": "2024-07-27 01:04:32 +0000"
    },
    "done": true
  },
  "minecraft:recipes/transportation/jungle_boat": {
    "criteria": {
      "in_water": "2024-07-27 01:03:14 +0000"
    },
    "done": true
  },
  "regions_unexplored:recipes/transportation/blackwood_boat": {
    "criteria": {
      "in_water": "2024-07-27 01:03:14 +0000"
    },
    "done": true
  },
  "regions_unexplored:recipes/building_blocks/red_painted_planks": {
    "criteria": {
      "has_planks": "2024-07-27 01:04:32 +0000"
    },
    "done": true
  },
  "slashblade:arts/combo_a": {
    "criteria": {
      "customtrigger": "2024-07-27 01:09:50 +0000"
    },
    "done": true
  },
  "slashblade:arts/combo_c": {
    "criteria": {
      "customtrigger": "2024-07-27 01:09:39 +0000"
    },
    "done": true
  },
  "regions_unexplored:recipes/redstone/redwood_trapdoor": {
    "criteria": {
      "has_redwood_planks": "2024-07-27 01:04:32 +0000"
    },
    "done": true
  },
  "regions_unexplored:recipes/transportation/pine_boat": {
    "criteria": {
      "in_water": "2024-07-27 01:03:14 +0000"
    },
    "done": true
  },
  "regions_unexplored:recipes/transportation/eucalyptus_boat": {
    "criteria": {
      "in_water": "2024-07-27 01:03:14 +0000"
    },
    "done": true
  },
  "regions_unexplored:recipes/building_blocks/green_painted_planks": {
    "criteria": {
      "has_planks": "2024-07-27 01:04:32 +0000"
    },
    "done": true
  },
  "regions_unexplored:recipes/building_blocks/white_painted_planks": {
    "criteria": {
      "has_planks": "2024-07-27 01:04:32 +0000"
    },
    "done": true
  },
  "slashblade:blade/s_white": {
    "criteria": {
      "crafting": "2024-07-27 01:07:42 +0000"
    },
    "done": true
  },
  "regions_unexplored:recipes/transportation/palm_boat": {
    "criteria": {
      "in_water": "2024-07-27 01:03:14 +0000"
    },
    "done": true
  },
  "regions_unexplored:recipes/building_blocks/light_gray_painted_planks": {
    "criteria": {
      "has_planks": "2024-07-27 01:04:32 +0000"
    },
    "done": true
  },
  "regions_unexplored:recipes/transportation/socotra_boat": {
    "criteria": {
      "in_water": "2024-07-27 01:03:14 +0000"
    },
    "done": true
  },
  "regions_unexplored:recipes/building_blocks/light_blue_painted_planks": {
    "criteria": {
      "has_planks": "2024-07-27 01:04:32 +0000"
    },
    "done": true
  },
  "regions_unexplored:recipes/redstone/redwood_fence_gate": {
    "criteria": {
      "has_redwood_planks": "2024-07-27 01:04:32 +0000"
    },
    "done": true
  },
  "iceandfire:recipes/misc/earplugs": {
    "criteria": {
      "has_item": "2024-07-27 01:04:32 +0000"
    },
    "done": true
  },
  "regions_unexplored:recipes/building_blocks/yellow_painted_planks": {
    "criteria": {
      "has_planks": "2024-07-27 01:04:32 +0000"
    },
    "done": true
  },
  "regions_unexplored:recipes/decorations/redwood_sign": {
    "criteria": {
      "has_redwood_planks": "2024-07-27 01:04:32 +0000"
    },
    "done": true
  },
  "minecraft:recipes/transportation/spruce_boat": {
    "criteria": {
      "in_water": "2024-07-27 01:03:14 +0000"
    },
    "done": true
  },
  "regions_unexplored:recipes/building_blocks/purple_painted_planks": {
    "criteria": {
      "has_planks": "2024-07-27 01:04:32 +0000"
    },
    "done": true
  },
  "regions_unexplored:recipes/transportation/oak_boat": {
    "criteria": {
      "in_water": "2024-07-27 01:03:14 +0000"
    },
    "done": true
  },
  "regions_unexplored:recipes/building_blocks/redwood_planks": {
    "criteria": {
      "has_logs": "2024-07-27 01:03:55 +0000"
    },
    "done": true
  },
  "minecraft:recipes/transportation/birch_boat": {
    "criteria": {
      "in_water": "2024-07-27 01:03:14 +0000"
    },
    "done": true
  },
  "regions_unexplored:recipes/transportation/dead_boat": {
    "criteria": {
      "in_water": "2024-07-27 01:03:14 +0000"
    },
    "done": true
  },
  "slashblade:arts/aerial_b": {
    "criteria": {
      "customtrigger": "2024-07-27 01:10:17 +0000"
    },
    "done": true
  },
  "slashblade:arts/aerial_a": {
    "criteria": {
      "customtrigger": "2024-07-27 01:10:41 +0000"
    },
    "done": true
  },
  "minecraft:recipes/transportation/oak_boat": {
    "criteria": {
      "in_water": "2024-07-27 01:03:14 +0000"
    },
    "done": true
  },
  "slashblade:arts/aerial_cleave": {
    "criteria": {
      "customtrigger": "2024-07-27 01:09:57 +0000"
    },
    "done": true
  },
  "minecraft:recipes/transportation/mangrove_boat": {
    "criteria": {
      "in_water": "2024-07-27 01:03:14 +0000"
    },
    "done": true
  },
  "regions_unexplored:recipes/building_blocks/pink_painted_planks": {
    "criteria": {
      "has_planks": "2024-07-27 01:04:32 +0000"
    },
    "done": true
  },
  "regions_unexplored:recipes/redstone/redwood_pressure_plate": {
    "criteria": {
      "has_redwood_planks": "2024-07-27 01:04:32 +0000"
    },
    "done": true
  },
  "regions_unexplored:recipes/transportation/mauve_boat": {
    "criteria": {
      "in_water": "2024-07-27 01:03:14 +0000"
    },
    "done": true
  },
  "regions_unexplored:recipes/transportation/redwood_boat": {
    "criteria": {
      "in_water": "2024-07-27 01:03:14 +0000"
    },
    "done": true
  },
  "regions_unexplored:recipes/building_blocks/redwood_stairs": {
    "criteria": {
      "has_redwood_planks": "2024-07-27 01:04:32 +0000"
    },
    "done": true
  },
  "regions_unexplored:recipes/building_blocks/magenta_painted_planks": {
    "criteria": {
      "has_planks": "2024-07-27 01:04:32 +0000"
    },
    "done": true
  },
  "regions_unexplored:recipes/building_blocks/redwood_slab": {
    "criteria": {
      "has_redwood_planks": "2024-07-27 01:04:32 +0000"
    },
    "done": true
  },
  "rpgsmw:assassin_class": {
    "criteria": {
      "assassin_class_0": "2024-07-27 01:02:01 +0000"
    },
    "done": true
  },
  "regions_unexplored:recipes/transportation/baobab_boat": {
    "criteria": {
      "in_water": "2024-07-27 01:03:14 +0000"
    },
    "done": true
  },
  "regions_unexplored:recipes/building_blocks/redwood_wood": {
    "criteria": {
      "has_log": "2024-07-27 01:03:55 +0000"
    },
    "done": true
  },
  "minecraft:adventure/adventuring_time": {
    "criteria": {
      "minecraft:river": "2024-07-27 01:03:15 +0000"
    },
    "done": false
  },
  "regions_unexplored:recipes/transportation/willow_boat": {
    "criteria": {
      "in_water": "2024-07-27 01:03:14 +0000"
    },
    "done": true
  },
  "minecraft:story/root": {
    "criteria": {
      "crafting_table": "2024-07-27 01:04:40 +0000"
    },
    "done": true
  },
  "regions_unexplored:recipes/transportation/joshua_boat": {
    "criteria": {
      "in_water": "2024-07-27 01:03:14 +0000"
    },
    "done": true
  },
  "minecraft:recipes/transportation/dark_oak_boat": {
    "criteria": {
      "in_water": "2024-07-27 01:03:14 +0000"
    },
    "done": true
  },
  "DataVersion": 3465
}